# topic	sources	score	seen_in_sn	rising_flag
# generated 2026-10-04T00:22:11.321Z; n=40
bitcoiners	sn:Permaculture,sn:AI	6.29	yes	
predyx	sn:Stacker_Stocks,sn:Stacker_Sports	6.08	no	RISING
insights	hn,sn:Stacker_Stocks	5.23	no	RISING
lodging	sn:the_stacker_muse	3.88	yes	
wayfaring men book club	sn:the_stacker_muse	3.88	yes	
farber	sn:the_stacker_muse	3.88	no	RISING
first essay	sn:the_stacker_muse	3.88	no	RISING
the september	sn:bitcoin	3.61	yes	
attack	sn:bitcoin	3.61	yes	
blok eats romanian	sn:food_and_drinks	3.53	no	RISING
the romanian food festival	sn:food_and_drinks	3.53	no	RISING
permaculture	sn:Permaculture	3.52	no	RISING
homesteading	sn:Permaculture	3.52	no	RISING
meshtadel	sn:Permaculture	3.52	no	RISING
bitcoin	sn:AskSN	3.38	yes	
monetary commons	sn:AskSN	3.38	no	RISING
is fiat like	sn:AskSN	3.38	no	RISING
english enclosures	sn:AskSN	3.38	no	RISING
the moneyness	sn:econ	3.3	no	RISING
america	sn:econ	3.3	no	RISING
treasuries	sn:econ	3.3	no	RISING
collapsing	sn:econ	3.3	no	RISING
brendan greeley	sn:econ	3.3	no	RISING
zolak	sn:AGORA	3.28	no	RISING
vilnius	sn:AGORA	3.28	no	RISING
bitcoin lightning	sn:AGORA	3.28	no	RISING
harrison bergeron	sn:the_stacker_muse	3.21	no	RISING
kurt vonnegut	sn:the_stacker_muse	3.21	no	RISING
show	hn	3.18	yes	
books	sn:BooksAndArticles	3.13	no	RISING
articles weekly	sn:BooksAndArticles	3.13	no	RISING
saturday newsletter	sn:meta	3.1	yes	
market	sn:Stacker_Stocks	3.1	no	RISING
creators	sn:Stacker_Stocks	3.1	no	RISING
live	sn:Stacker_Stocks	3.1	no	RISING
daily putt	sn:gaming	3.08	no	RISING
play	sn:gaming	3.08	no	RISING
putt	sn:gaming	3.08	no	RISING
score	sn:gaming	3.08	no	RISING
bark dice	sn:bitcoin	2.99	yes	
