# refreshed_at	sub	tier	weekly_stacked	days_in_window	avg_daily_stacked
2026-10-06T06:37:36.609Z	bitcoin	1	337426	7	48204
2026-10-06T06:37:36.609Z	bitcoin_beginners	1	169552	7	24222
2026-10-06T06:37:36.609Z	bitcoin_Mining	1	12981	7	1854
2026-10-06T06:37:36.609Z	bitcoinplusplus	1	1993	7	285
2026-10-06T06:37:36.609Z	bitdevs	1	4268	7	610
2026-10-06T06:37:36.609Z	lightning	1	34759	7	4966
2026-10-06T06:37:36.609Z	mempool	1	505	7	72
2026-10-06T06:37:36.609Z	nostr	1	2265	7	324
2026-10-06T06:37:36.609Z	security	1	2154	7	308
2026-10-06T06:37:36.609Z	privacy	1	11804	7	1686
2026-10-06T06:37:36.609Z	devs	1	859	7	123
2026-10-06T06:37:36.609Z	tech	1	7356	7	1051
2026-10-06T06:37:36.609Z	AI	1	77489	7	11070
2026-10-06T06:37:36.609Z	openagents	1	16088	7	2298
2026-10-06T06:37:36.609Z	meta	1	56722	7	8103
2026-10-06T06:37:36.609Z	math	2	172044	7	24578
2026-10-06T06:37:36.609Z	science	2	8895	7	1271
2026-10-06T06:37:36.609Z	econ	2	278827	7	39832
2026-10-06T06:37:36.609Z	Construction_and_Engineering	2	18853	7	2693
2026-10-06T06:37:36.609Z	Education	2	4513	7	645
2026-10-06T06:37:36.609Z	Stacker_Stocks	2	60542	7	8649
2026-10-06T06:37:36.609Z	charts_and_maps	2	12643	7	1806
2026-10-06T06:37:36.609Z	AMA	2	16014	7	2288
2026-10-06T06:37:36.609Z	AskSN	2	139758	7	19965
2026-10-06T06:37:36.609Z	jobs	2	0	7	0
2026-10-06T06:37:36.609Z	ideasfromtheedge	2	3464	7	495
2026-10-06T06:37:36.609Z	dotnet	2	0	7	0
2026-10-06T06:37:36.609Z	Design	2	5189	7	741
2026-10-06T06:37:36.609Z	tutorials	2	681	7	97
2026-10-06T06:37:36.609Z	mostly_harmless	2	1360	7	194
2026-10-06T06:37:36.609Z	news	2	20152	7	2879
2026-10-06T06:37:36.609Z	history	2	24309	7	3473
2026-10-06T06:37:36.609Z	BooksAndArticles	2	45528	7	6504
2026-10-06T06:37:36.609Z	podcasts	2	3927	7	561
2026-10-06T06:37:36.609Z	lol	2	2728	7	390
2026-10-06T06:37:36.609Z	Memes	2	1490	7	213
