# refreshed_at	name	nitems	stacked	spent	streak
2026-10-05T13:13:32.892Z	Scoresby	147	575622	250235	490
2026-10-05T13:13:32.892Z	k00b	71	439563	695349	1226
2026-10-05T13:13:32.892Z	Undisciplined	208	299322	138624	1105
2026-10-05T13:13:32.892Z	SimpleStacker	133	150843	13776	27
2026-10-05T13:13:32.892Z	denlillaapan	182	125609	41303	0
2026-10-05T13:13:32.892Z	BlokchainB	224	123191	148804	1084
2026-10-05T13:13:32.892Z	0xbitcoiner	84	84345	13767	1
2026-10-05T13:13:32.892Z	guerratotal	72	67844	25106	88
2026-10-05T13:13:32.892Z	Aardvark	4	60020	1719	0
2026-10-05T13:13:32.892Z	dendehomie	5	55792	646119	10
2026-10-05T13:13:32.892Z	grayruby	186	55153	31305	1048
2026-10-05T13:13:32.892Z	revhodl21	71	41780	20015	13
2026-10-05T13:13:32.892Z	Kruw	21	39918	80865	27
2026-10-05T13:13:32.892Z	satoshiplanet	103	29033	12764	52
2026-10-05T13:13:32.892Z	hynek	22	24467	1361	0
2026-10-05T13:13:32.892Z	Saigonstacker	9	22798	22768	2
2026-10-05T13:13:32.892Z	Bell_curve	126	22637	8710	6
2026-10-05T13:13:32.892Z	login	0	19862	0	0
2026-10-05T13:13:32.892Z	mkmloom	253	18183	34677	7
2026-10-05T13:13:32.892Z	OneOneSeven	7	17782	7835	7
2026-10-05T13:13:32.892Z	realBitcoinDog	40	16386	1277	0
2026-10-05T13:13:32.892Z	AtlantisPleb	3	15530	22186	0
2026-10-05T13:13:32.892Z	petertodd	5	14587	23659	6
2026-10-05T13:13:32.892Z	Cje95	46	13066	2775	0
2026-10-05T13:13:32.892Z	87587bb284	1	12749	30	0
2026-10-05T13:13:32.892Z	south_korea_ln	11	10724	1870	1
2026-10-05T13:13:32.892Z	ladyluck	5	10535	105	0
2026-10-05T13:13:32.892Z	Wumbo	7	9599	1654	95
2026-10-05T13:13:32.892Z	cryotosensei	56	9241	2434	53
2026-10-05T13:13:32.892Z	ZezzebbulTheMysterious	36	8821	1336	0
2026-10-05T13:13:32.892Z	notifications	0	8422	0	0
2026-10-05T13:13:32.892Z	nout	1	8047	4545	0
2026-10-05T13:13:32.892Z	gsc360	50	7593	4017	8
2026-10-05T13:13:32.892Z	satwize	10	7027	7781	138
2026-10-05T13:13:32.892Z	Signal312	37	6796	3761	0
2026-10-05T13:13:32.892Z	sox	6	5846	59115	16
