# refreshed_at	name	stacked	active_subs
2026-10-05T13:13:32.892Z	Scoresby	575622	AMA
2026-10-05T13:13:32.892Z	k00b	439563	bitcoin,meta,tech,nostr
2026-10-05T13:13:32.892Z	Undisciplined	299322	econ
2026-10-05T13:13:32.892Z	SimpleStacker	150843	math
2026-10-05T13:13:32.892Z	denlillaapan	125609	
2026-10-05T13:13:32.892Z	BlokchainB	123191	history,Stacker_Stocks,Construction_and_Engineering
2026-10-05T13:13:32.892Z	0xbitcoiner	84345	
2026-10-05T13:13:32.892Z	guerratotal	67844	AskSN,family
2026-10-05T13:13:32.892Z	Aardvark	60020	
2026-10-05T13:13:32.892Z	dendehomie	55792	
2026-10-05T13:13:32.892Z	grayruby	55153	Stacker_Sports
2026-10-05T13:13:32.892Z	revhodl21	41780	Permaculture
2026-10-05T13:13:32.892Z	Kruw	39918	Coinjoins,Quotes,Scam_Reports
2026-10-05T13:13:32.892Z	satoshiplanet	29033	
2026-10-05T13:13:32.892Z	hynek	24467	
2026-10-05T13:13:32.892Z	Saigonstacker	22798	
2026-10-05T13:13:32.892Z	Bell_curve	22637	bitcoin_Mining
2026-10-05T13:13:32.892Z	login	19862	
2026-10-05T13:13:32.892Z	mkmloom	18183	
2026-10-05T13:13:32.892Z	OneOneSeven	17782	charts_and_maps,aliens_and_UFOs
